<?xml version="1.0" encoding="UTF-8"?>
<?xml-stylesheet type="text/xsl" href="test.xsl"?>
<response type="result">
  <data>
    <item>
      <title>Yimago 2 / Hawaiian Music Radio</title>
      <song>Hawaiian Style Band - No Ke Ano Ahiahi [1992]</song>
      <track>
        <artist>Hawaiian Style Band</artist>
        <title>No Ke Ano Ahiahi [1992]</title>
        <album>Vanishing Treasures</album>
        <royaltytrackid>0</royaltytrackid>
        <started>1573585815</started>
        <id>43097</id>
        <length>0</length>
        <playlist>
          <id>1579</id>
          <title>Y2 &gt; General</title>
        </playlist>
        <buyurl></buyurl>
        <imageurl>http://s20.postimg.cc/t79ja2swt/hsb3.jpg</imageurl>
      </track>
      <bitrate>64 Kbps</bitrate>
      <server>Online</server>
      <autodj>Online</autodj>
      <source>Yes</source>
      <offline></offline>
      <summary>&lt;a href=&quot;http://199.195.194.92:2199/tunein/-stream/meyima03.pls&quot;&gt;Yimago 2 / Hawaiian Music Radio - Hawaiian Style Band - No Ke Ano Ahiahi [1992]&lt;/a&gt;</summary>
      <listeners>2</listeners>
      <maxlisteners>100</maxlisteners>
      <reseller>0</reseller>
      <serverstate>1</serverstate>
      <sourcestate>1</sourcestate>
      <sourceconn>1</sourceconn>
      <date>Nov 12, 2019</date>
      <time>09:10 AM</time>
      <rawmeta>Hawaiian Style Band - No Ke Ano Ahiahi [1992]</rawmeta>
      <mountpoint>/stream</mountpoint>
      <tuneinurl>http://199.195.194.94:8183/stream</tuneinurl>
      <directtuneinurl></directtuneinurl>
      <proxytuneinurl></proxytuneinurl>
      <tuneinformat>aac</tuneinformat>
      <webplayer>muses</webplayer>
      <servertype>ShoutCast2</servertype>
      <listenertotal>2</listenertotal>
      <url>http://199.195.194.92:2199/rpc</url>
    </item>
  </data>
</response>
